Name,Heteronyms
一,"一󠇡,一󠇢"
丄,丄󠇡
万,万󠇡
上,上󠇡
不,"不󠇡,不󠇢,不󠇣"
且,且󠇡
両,両󠇡
两,两󠇡
个,个󠇡
中,中󠇡
丼,丼󠇡
丽,丽󠇡
乂,乂󠇡
乔,乔󠇡
乗,乗󠇡
乘,乘󠇡
乚,乚󠇡
乜,乜󠇡
乢,"乢󠇡,乢󠇢"
乨,乨󠇡
乱,乱󠇡
乹,乹󠇡
乾,乾󠇡
乿,乿󠇡
亀,"亀󠇡,亀󠇢"
亁,亁󠇡
亃,亃󠇡
了,了󠇡
亇,亇󠇡
予,予󠇡
亏,亏󠇡
亘,"亘󠇡,亘󠇢,亘󠇣"
些,"些󠇡,些󠇢"
亜,亜󠇡
亝,"亝󠇡,亝󠇢,亝󠇣"
亟,亟󠇡
亢,亢󠇡
亣,"亣󠇡,亣󠇢"
亰,亰󠇡
亲,亲󠇡
亹,亹󠇡
亾,亾󠇡
什,什󠇡
仆,仆󠇡
仇,仇󠇡
仌,仌󠇡
从,"从󠇡,从󠇢,从󠇣"
仏,"仏󠇡,仏󠇢"
仔,仔󠇡
仡,"仡󠇡,仡󠇢"
仦,仦󠇡
仧,"仧󠇡,仧󠇢"
仮,"仮󠇡,仮󠇢"
仯,仯󠇡
仱,仱󠇡
任,任󠇡
仼,仼󠇡
伖,伖󠇡
伙,伙󠇡
会,"会󠇡,会󠇢,会󠇣"
伛,伛󠇡
伨,伨󠇡
伯,伯󠇡
估,估󠇡
伺,伺󠇡
伽,伽󠇡
伿,伿󠇡
佂,佂󠇡
佃,佃󠇡
佄,佄󠇡
体,体󠇡
佗,佗󠇡
余,余󠇡
佛,"佛󠇡,佛󠇢,佛󠇣,佛󠇤"
作,"作󠇡,作󠇢"
佡,佡󠇡
佪,佪󠇡
佱,"佱󠇡,佱󠇢,佱󠇣"
佲,佲󠇡
佷,佷󠇡
佻,佻󠇡
侅,侅󠇡
侌,"侌󠇡,侌󠇢"
侗,侗󠇡
供,供󠇡
侠,侠󠇡
価,価󠇡
侱,侱󠇡
侳,侳󠇡
侸,侸󠇡
侻,"侻󠇡,侻󠇢"
便,便󠇡
係,係󠇡
俆,俆󠇡
俇,俇󠇡
俒,俒󠇡
俔,俔󠇡
俛,俛󠇡
俞,俞󠇡
俟,俟󠇡
俥,俥󠇡
俩,俩󠇡
俹,俹󠇡
俺,俺󠇡
俼,"俼󠇡,俼󠇢"
倆,倆󠇡
個,"個󠇡,個󠇢"
倎,倎󠇡
們,們󠇡
倒,倒󠇡
倔,倔󠇡
倞,倞󠇡
倠,倠󠇡
倡,倡󠇡
値,値󠇡
倥,倥󠇡
倰,倰󠇡
倶,倶󠇡
倹,倹󠇡
偄,偄󠇡
假,假󠇡
偈,偈󠇡
偋,偋󠇡
偐,偐󠇡
偒,偒󠇡
偕,偕󠇡
偖,偖󠇡
偦,偦󠇡
偨,偨󠇡
偪,偪󠇡
偲,偲󠇡
偺,偺󠇡
傀,傀󠇡
傁,傁󠇡
傋,傋󠇡
傌,傌󠇡
傍,傍󠇡
傒,傒󠇡
傓,傓󠇡
傛,"傛󠇡,傛󠇢"
傰,傰󠇡
傳,傳󠇡
傶,傶󠇡
傸,傸󠇡
傿,傿󠇡
僁,僁󠇡
僄,僄󠇡
僋,"僋󠇡,僋󠇢"
僜,僜󠇡
僞,僞󠇡
僢,僢󠇡
僣,僣󠇡
僥,僥󠇡
僫,"僫󠇡,僫󠇢,僫󠇣"
僮,僮󠇡
僯,僯󠇡
僴,僴󠇡
價,價󠇡
儁,儁󠇡
儃,"儃󠇡,儃󠇢"
儋,儋󠇡
儎,儎󠇡
儜,儜󠇡
儢,儢󠇡
儬,儬󠇡
儳,儳󠇡
儶,儶󠇡
儽,儽󠇡
兊,兊󠇡
兌,兌󠇡
兏,"兏󠇡,兏󠇢"
児,"児󠇡,児󠇢"
兑,兑󠇡
兒,"兒󠇡,兒󠇢"
兘,兘󠇡
兟,兟󠇡
兤,兤󠇡
兦,兦󠇡
兪,"兪󠇡,兪󠇢"
公,公󠇡
六,六󠇡
共,共󠇡
其,其󠇡
内,内󠇡
册,册󠇡
冎,冎󠇡
冐,冐󠇡
冒,冒󠇡
冘,冘󠇡
写,写󠇡
冠,冠󠇡
冣,冣󠇡
冹,冹󠇡
冺,冺󠇡
凂,"凂󠇡,凂󠇢"
凈,凈󠇡
凉,凉󠇡
凐,凐󠇡
凗,凗󠇡
几,几󠇡
凥,凥󠇡
凨,凨󠇡
凬,凬󠇡
凮,凮󠇡
凲,凲󠇡
分,分󠇡
切,切󠇡
刨,刨󠇡
刹,刹󠇡
刽,刽󠇡
剅,剅󠇡
削,削󠇡
剌,剌󠇡
剎,剎󠇡
剏,剏󠇡
剗,剗󠇡
剙,剙󠇡
剠,剠󠇡
剡,剡󠇡
剥,剥󠇡
剧,剧󠇡
副,副󠇡
剳,剳󠇡
創,創󠇡
剸,剸󠇡
剻,剻󠇡
劁,劁󠇡
劃,劃󠇡
劗,"劗󠇡,劗󠇢"
劳,劳󠇡
労,労󠇡
勒,勒󠇡
勝,勝󠇡
勞,勞󠇡
勡,勡󠇡
勦,勦󠇡
勭,勭󠇡
勷,勷󠇡
勺,勺󠇡
勽,勽󠇡
勾,勾󠇡
包,包󠇡
匎,匎󠇡
匔,匔󠇡
化,化󠇡
匙,匙󠇡
匛,匛󠇡
匨,匨󠇡
匫,"匫󠇡,匫󠇢"
匱,匱󠇡
匶,匶󠇡
匹,匹󠇡
区,"区󠇡,区󠇢"
區,區󠇡
卆,卆󠇡
午,午󠇡
卒,卒󠇡
单,"单󠇡,单󠇢"
南,南󠇡
単,"単󠇡,単󠇢"
卙,卙󠇡
卛,"卛󠇡,卛󠇢"
占,占󠇡
卡,卡󠇡
卨,卨󠇡
卬,卬󠇡
卷,"卷󠇡,卷󠇢"
卺,卺󠇡
卽,卽󠇡
厂,厂󠇡
厃,"厃󠇡,厃󠇢"
厇,厇󠇡
厈,"厈󠇡,厈󠇢"
厉,厉󠇡
厖,厖󠇡
厘,厘󠇡
厠,"厠󠇡,厠󠇢"
厡,厡󠇡
厦,厦󠇡
厩,厩󠇡
厪,厪󠇡
厭,厭󠇡
厱,厱󠇡
厸,厸󠇡
厹,厹󠇡
叁,"叁󠇡,叁󠇢,叁󠇣"
參,"參󠇡,參󠇢,參󠇣"
叅,"叅󠇡,叅󠇢,叅󠇣"
双,双󠇡
叏,叏󠇡
叔,叔󠇡
叚,叚󠇡
叜,叜󠇡
叠,叠󠇡
句,"句󠇡,句󠇢"
叧,"叧󠇡,叧󠇢"
叨,叨󠇡
召,召󠇡
可,可󠇡
台,台󠇡
叴,叴󠇡
号,号󠇡
叻,叻󠇡
吀,吀󠇡
吃,吃󠇡
各,各󠇡
合,合󠇡
同,同󠇡
吐,吐󠇡
吓,吓󠇡
吡,"吡󠇡,吡󠇢"
否,否󠇡
吧,吧󠇡
吨,吨󠇡
听,"听󠇡,听󠇢"
吭,吭󠇡
吽,"吽󠇡,吽󠇢"
吿,吿󠇡
呀,"呀󠇡,呀󠇢"
告,告󠇡
呐,呐󠇡
呔,呔󠇡
呞,呞󠇡
呡,呡󠇡
呢,呢󠇡
呫,呫󠇡
呬,呬󠇡
呱,"呱󠇡,呱󠇢"
呴,呴󠇡
呵,呵󠇡
呺,呺󠇡
呾,呾󠇡
咇,"咇󠇡,咇󠇢,咇󠇣"
咊,"咊󠇡,咊󠇢,咊󠇣,咊󠇤,咊󠇥"
和,"和󠇡,和󠇢,和󠇣,和󠇤,和󠇥"
咎,咎󠇡
咑,咑󠇡
咔,咔󠇡
咕,咕󠇡
咠,咠󠇡
咣,咣󠇡
咤,咤󠇡
咥,咥󠇡
咧,"咧󠇡,咧󠇢,咧󠇣"
咬,咬󠇡
咯,"咯󠇡,咯󠇢,咯󠇣"
咰,咰󠇡
咱,咱󠇡
咳,咳󠇡
咶,"咶󠇡,咶󠇢"
咻,"咻󠇡,咻󠇢"
咽,咽󠇡
哄,哄󠇡
哆,哆󠇡
哇,哇󠇡
哈,"哈󠇡,哈󠇢"
哏,哏󠇡
員,員󠇡
哢,哢󠇡
哥,哥󠇡
哦,哦󠇡
哩,"哩󠇡,哩󠇢"
哪,"哪󠇡,哪󠇢"
哶,哶󠇡
哾,哾󠇡
哿,哿󠇡
唄,唄󠇡
唅,唅󠇡
唆,唆󠇡
唇,唇󠇡
唈,唈󠇡
唋,唋󠇡
唌,唌󠇡
唒,唒󠇡
唖,"唖󠇡,唖󠇢"
唭,唭󠇡
唶,"唶󠇡,唶󠇢"
唹,唹󠇡
唼,"唼󠇡,唼󠇢"
唿,唿󠇡
啇,啇󠇡
啊,啊󠇡
啌,啌󠇡
啐,"啐󠇡,啐󠇢"
啑,啑󠇡
啒,啒󠇡
啚,啚󠇡
啞,啞󠇡
啦,啦󠇡
啨,啨󠇡
啵,啵󠇡
啷,啷󠇡
喁,喁󠇡
喌,喌󠇡
喏,喏󠇡
喒,喒󠇡
喔,"喔󠇡,喔󠇢"
喝,喝󠇡
喞,喞󠇡
喡,喡󠇡
喥,喥󠇡
喦,喦󠇡
喩,喩󠇡
喪,喪󠇡
單,"單󠇡,單󠇢"
喯,"喯󠇡,喯󠇢"
喿,喿󠇡
嗄,嗄󠇡
嗌,嗌󠇡
嗎,嗎󠇡
嗏,嗏󠇡
嗑,嗑󠇡
嗒,嗒󠇡
嗕,嗕󠇡
嗛,"嗛󠇡,嗛󠇢,嗛󠇣"
嗦,嗦󠇡
嗺,嗺󠇡
嗻,嗻󠇡
嘅,嘅󠇡
嘇,"嘇󠇡,嘇󠇢"
嘊,嘊󠇡
嘍,嘍󠇡
嘏,嘏󠇡
嘑,嘑󠇡
嘔,"嘔󠇡,嘔󠇢"
嘛,嘛󠇡
嘜,"嘜󠇡,嘜󠇢"
嘞,嘞󠇡
嘩,嘩󠇡
嘬,嘬󠇡
嘷,嘷󠇡
嘸,嘸󠇡
嘼,"嘼󠇡,嘼󠇢,嘼󠇣"
嘽,嘽󠇡
嘾,嘾󠇡
噀,噀󠇡
噅,噅󠇡
噌,噌󠇡
噍,"噍󠇡,噍󠇢"
噑,噑󠇡
噟,噟󠇡
噠,噠󠇡
噢,噢󠇡
噣,噣󠇡
噥,噥󠇡
噦,噦󠇡
噭,噭󠇡
噱,噱󠇡
噴,"噴󠇡,噴󠇢"
噹,噹󠇡
嚂,嚂󠇡
嚄,嚄󠇡
嚇,嚇󠇡
嚊,嚊󠇡
嚋,嚋󠇡
嚛,嚛󠇡
嚜,嚜󠇡
嚪,嚪󠇡
嚯,"嚯󠇡,嚯󠇢"
嚻,嚻󠇡
嚼,嚼󠇡
囉,"囉󠇡,囉󠇢"
囐,"囐󠇡,囐󠇢,囐󠇣"
囤,囤󠇡
囪,囪󠇡
囮,囮󠇡
囱,囱󠇡
囸,囸󠇡
圂,圂󠇡
圈,圈󠇡
圏,"圏󠇡,圏󠇢,圏󠇣"
圜,圜󠇡
圣,圣󠇡
圩,圩󠇡
地,地󠇡
圳,圳󠇡
圻,圻󠇡
坃,坃󠇡
坆,坆󠇡
坉,坉󠇡
坊,坊󠇡
坏,"坏󠇡,坏󠇢"
坔,坔󠇡
坘,坘󠇡
坟,坟󠇡
坧,坧󠇡
坭,坭󠇡
坳,坳󠇡
坴,坴󠇡
坶,坶󠇡
坺,坺󠇡
坻,坻󠇡
垌,垌󠇡
垖,垖󠇡
垛,垛󠇡
垜,垜󠇡
垧,垧󠇡
垨,垨󠇡
埊,埊󠇡
埋,埋󠇡
埏,埏󠇡
埛,埛󠇡
埞,埞󠇡
埢,埢󠇡
埤,"埤󠇡,埤󠇢"
埥,埥󠇡
埧,埧󠇡
埯,埯󠇡
埲,埲󠇡
埶,埶󠇡
培,培󠇡
埽,埽󠇡
埿,"埿󠇡,埿󠇢"
堇,堇󠇡
堋,堋󠇡
堢,堢󠇡
堥,堥󠇡
堨,堨󠇡
堵,堵󠇡
堷,堷󠇡
堾,堾󠇡
堿,堿󠇡
塈,塈󠇡
塐,塐󠇡
塙,塙󠇡
塞,"塞󠇡,塞󠇢"
塠,塠󠇡
塤,塤󠇡
塩,塩󠇡
塪,塪󠇡
塲,塲󠇡
塴,塴󠇡
塺,塺󠇡
墌,墌󠇡
墍,墍󠇡
墐,墐󠇡
墕,墕󠇡
墢,墢󠇡
墧,"墧󠇡,墧󠇢"
墫,"墫󠇡,墫󠇢"
墬,墬󠇡
墲,墲󠇡
壀,"壀󠇡,壀󠇢"
壊,壊󠇡
壎,壎󠇡
壏,壏󠇡
壐,壐󠇡
壒,壒󠇡
壘,壘󠇡
壦,壦󠇡
壳,"壳󠇡,壳󠇢"
处,处󠇡
夅,夅󠇡
复,复󠇡
夎,夎󠇡
夏,夏󠇡
夐,夐󠇡
夓,夓󠇡
多,多󠇡
夛,夛󠇡
大,大󠇡
太,太󠇡
夫,"夫󠇡,夫󠇢"
头,头󠇡
夵,夵󠇡
夶,"夶󠇡,夶󠇢"
奄,奄󠇡
奇,奇󠇡
奋,奋󠇡
契,契󠇡
奓,"奓󠇡,奓󠇢"
奙,奙󠇡
奞,"奞󠇡,奞󠇢"
奥,奥󠇡
女,女󠇡
奶,奶󠇡
好,好󠇡
妋,妋󠇡
妏,妏󠇡
妚,妚󠇡
妳,妳󠇡
妴,妴󠇡
妸,妸󠇡
妹,妹󠇡
妻,妻󠇡
姇,姇󠇡
姉,姉󠇡
姊,"姊󠇡,姊󠇢"
姐,姐󠇡
姑,姑󠇡
委,委󠇡
姗,姗󠇡
姙,姙󠇡
姛,姛󠇡
姡,"姡󠇡,姡󠇢"
姣,姣󠇡
姥,"姥󠇡,姥󠇢"
姰,姰󠇡
姶,姶󠇡
娂,"娂󠇡,娂󠇢"
娃,娃󠇡
娄,"娄󠇡,娄󠇢"
娋,娋󠇡
娕,娕󠇡
娗,娗󠇡
娘,娘󠇡
娜,娜󠇡
娞,娞󠇡
娦,娦󠇡
娩,娩󠇡
娬,娬󠇡
娯,娯󠇡
娱,娱󠇡
娷,"娷󠇡,娷󠇢"
娺,娺󠇡
娾,娾󠇡
婁,婁󠇡
婆,婆󠇡
婌,婌󠇡
婙,"婙󠇡,婙󠇢"
婤,婤󠇡
婩,婩󠇡
婯,婯󠇡
婱,婱󠇡
婸,婸󠇡
婼,婼󠇡
媀,媀󠇡
媇,媇󠇡
媊,媊󠇡
媌,媌󠇡
媔,媔󠇡
媕,媕󠇡
媪,媪󠇡
媮,媮󠇡
媰,媰󠇡
媽,媽󠇡
嫂,嫂󠇡
嫇,嫇󠇡
嫍,嫍󠇡
嫎,嫎󠇡
嫖,嫖󠇡
嫞,嫞󠇡
嫤,嫤󠇡
嫧,嫧󠇡
嫨,嫨󠇡
嫬,嫬󠇡
嬀,"嬀󠇡,嬀󠇢"
嬈,"嬈󠇡,嬈󠇢"
嬊,嬊󠇡
嬐,嬐󠇡
嬒,嬒󠇡
嬓,嬓󠇡
嬔,嬔󠇡
嬛,"嬛󠇡,嬛󠇢"
嬜,嬜󠇡
嬟,嬟󠇡
嬢,嬢󠇡
嬣,嬣󠇡
嬤,嬤󠇡
嬥,嬥󠇡
嬮,嬮󠇡
嬱,嬱󠇡
嬷,嬷󠇡
嬸,嬸󠇡
嬹,嬹󠇡
嬼,嬼󠇡
孂,孂󠇡
孈,孈󠇡
孉,孉󠇡
孎,孎󠇡
子,子󠇡
孒,孒󠇡
字,字󠇡
孛,孛󠇡
孨,孨󠇡
孹,孹󠇡
宆,宆󠇡
宊,宊󠇡
宍,宍󠇡
宓,宓󠇡
宔,宔󠇡
宛,宛󠇡
宲,宲󠇡
家,家󠇡
宿,"宿󠇡,宿󠇢"
寈,寈󠇡
寕,寕󠇡
寗,寗󠇡
寜,寜󠇡
寠,寠󠇡
寣,寣󠇡
實,實󠇡
寧,寧󠇡
寶,寶󠇡
寽,"寽󠇡,寽󠇢"
射,"射󠇡,射󠇢"
将,"将󠇡,将󠇢"
將,"將󠇡,將󠇢"
尉,尉󠇡
尐,"尐󠇡,尐󠇢"
少,少󠇡
尛,"尛󠇡,尛󠇢,尛󠇣"
尞,"尞󠇡,尞󠇢"
尨,"尨󠇡,尨󠇢"
尰,尰󠇡
尶,尶󠇡
尺,尺󠇡
屇,屇󠇡
届,届󠇡
屎,屎󠇡
屏,屏󠇡
屛,"屛󠇡,屛󠇢"
属,属󠇡
屟,屟󠇡
屬,屬󠇡
屯,"屯󠇡,屯󠇢"
屰,屰󠇡
岝,岝󠇡
岞,岞󠇡
岨,"岨󠇡,岨󠇢"
峆,峆󠇡
峇,峇󠇡
峎,峎󠇡
峏,峏󠇡
峒,峒󠇡
峗,峗󠇡
峘,峘󠇡
峝,峝󠇡
峞,峞󠇡
峥,峥󠇡
峫,峫󠇡
峵,峵󠇡
崀,崀󠇡
崋,崋󠇡
崕,"崕󠇡,崕󠇢"
崗,崗󠇡
崝,"崝󠇡,崝󠇢"
崥,崥󠇡
崫,崫󠇡
嵃,嵃󠇡
嵅,嵅󠇡
嵌,嵌󠇡
嵍,嵍󠇡
嵑,"嵑󠇡,嵑󠇢"
嵠,嵠󠇡
嵣,"嵣󠇡,嵣󠇢"
嵪,嵪󠇡
嶉,嶉󠇡
嶏,嶏󠇡
嶖,嶖󠇡
嶜,嶜󠇡
嶡,嶡󠇡
嶣,嶣󠇡
嶦,嶦󠇡
嶨,嶨󠇡
嶬,嶬󠇡
嶭,嶭󠇡
嶳,嶳󠇡
嶷,嶷󠇡
嶻,嶻󠇡
巀,巀󠇡
巁,巁󠇡
巂,巂󠇡
巜,巜󠇡
差,"差󠇡,差󠇢,差󠇣"
巰,巰󠇡
巴,巴󠇡
巺,巺󠇡
巻,"巻󠇡,巻󠇢"
帣,帣󠇡
帬,帬󠇡
帰,帰󠇡
帴,帴󠇡
帹,帹󠇡
帺,帺󠇡
幂,幂󠇡
幅,幅󠇡
幆,幆󠇡
幈,"幈󠇡,幈󠇢"
幍,幍󠇡
幏,幏󠇡
幒,幒󠇡
幓,幓󠇡
幧,幧󠇡
幪,幪󠇡
幬,幬󠇡
幯,幯󠇡
平,"平󠇡,平󠇢"
并,并󠇡
幷,幷󠇡
幹,幹󠇡
幾,幾󠇡
庉,庉󠇡
庋,庋󠇡
庍,庍󠇡
庛,庛󠇡
度,度󠇡
庨,庨󠇡
庬,"庬󠇡,庬󠇢"
庰,庰󠇡
庱,庱󠇡
庳,庳󠇡
廀,"廀󠇡,廀󠇢"
廆,廆󠇡
廏,廏󠇡
廐,廐󠇡
廑,"廑󠇡,廑󠇢"
廮,廮󠇡
开,"开󠇡,开󠇢"
弁,弁󠇡
弄,弄󠇡
弅,弅󠇡
弌,"弌󠇡,弌󠇢"
弎,"弎󠇡,弎󠇢"
弜,弜󠇡
弞,弞󠇡
弟,"弟󠇡,弟󠇢"
弥,弥󠇡
弴,弴󠇡
強,"強󠇡,強󠇢"
弸,弸󠇡
弹,弹󠇡
强,"强󠇡,强󠇢"
弽,弽󠇡
弾,弾󠇡
彈,彈󠇡
彊,"彊󠇡,彊󠇢"
彍,"彍󠇡,彍󠇢"
归,归󠇡
当,"当󠇡,当󠇢"
彣,彣󠇡
彲,彲󠇡
彴,彴󠇡
彷,彷󠇡
彽,彽󠇡
彾,彾󠇡
待,待󠇡
徊,徊󠇡
徎,徎󠇡
徏,徏󠇡
従,"従󠇡,従󠇢,従󠇣"
得,"得󠇡,得󠇢"
從,"從󠇡,從󠇢,從󠇣"
徠,徠󠇡
徧,徧󠇡
徱,徱󠇡
徴,徴󠇡
徵,徵󠇡
徼,"徼󠇡,徼󠇢"
忏,忏󠇡
忒,忒󠇡
忔,忔󠇡
忕,忕󠇡
忚,忚󠇡
忛,忛󠇡
応,応󠇡
忨,忨󠇡
忪,忪󠇡
忲,忲󠇡
忹,忹󠇡
忼,忼󠇡
忾,忾󠇡
怀,怀󠇡
怌,怌󠇡
怐,怐󠇡
怔,怔󠇡
怗,怗󠇡
怜,怜󠇡
思,"思󠇡,思󠇢"
怞,"怞󠇡,怞󠇢"
怫,"怫󠇡,怫󠇢"
怷,怷󠇡
怸,怸󠇡
恁,恁󠇡
恄,恄󠇡
恖,"恖󠇡,恖󠇢"
恗,恗󠇡
恫,恫󠇡
息,"息󠇡,息󠇢"
悁,悁󠇡
悂,悂󠇡
悆,悆󠇡
悊,悊󠇡
悓,"悓󠇡,悓󠇢"
悗,悗󠇡
悪,"悪󠇡,悪󠇢,悪󠇣"
悶,悶󠇡
悹,悹󠇡
悾,悾󠇡
惀,惀󠇡
惉,惉󠇡
惊,惊󠇡
惏,惏󠇡
惐,惐󠇡
惒,"惒󠇡,惒󠇢,惒󠇣,惒󠇤,惒󠇥"
惛,惛󠇡
惝,惝󠇡
惡,"惡󠇡,惡󠇢,惡󠇣"
惤,惤󠇡
惥,惥󠇡
惩,惩󠇡
惮,惮󠇡
愂,愂󠇡
愒,愒󠇡
愖,愖󠇡
愙,愙󠇡
愞,愞󠇡
愢,"愢󠇡,愢󠇢"
慀,慀󠇡
慂,慂󠇡
慅,慅󠇡
慊,慊󠇡
慒,慒󠇡
慔,慔󠇡
慥,慥󠇡
慪,慪󠇡
慺,慺󠇡
憅,憅󠇡
憆,憆󠇡
憇,憇󠇡
憍,憍󠇡
憕,"憕󠇡,憕󠇢"
憞,憞󠇡
憪,憪󠇡
憭,憭󠇡
憹,憹󠇡
憿,"憿󠇡,憿󠇢"
懄,懄󠇡
應,應󠇡
懕,懕󠇡
懙,懙󠇡
懜,懜󠇡
懝,懝󠇡
懢,懢󠇡
戂,戂󠇡
戅,戅󠇡
戇,戇󠇡
戏,"戏󠇡,戏󠇢"
戝,戝󠇡
戞,戞󠇡
戠,"戠󠇡,戠󠇢"
戧,戧󠇡
戬,戬󠇡
戭,戭󠇡
戯,"戯󠇡,戯󠇢"
戱,"戱󠇡,戱󠇢"
戲,戲󠇡
扁,扁󠇡
扆,扆󠇡
扇,扇󠇡
扎,扎󠇡
扒,扒󠇡
扛,扛󠇡
扠,扠󠇡
扡,扡󠇡
扢,扢󠇡
抅,抅󠇡
抇,抇󠇡
把,把󠇡
抌,抌󠇡
抓,抓󠇡
折,"折󠇡,折󠇢"
抚,抚󠇡
抝,"抝󠇡,抝󠇢,抝󠇣,抝󠇤"
択,択󠇡
抦,抦󠇡
抩,抩󠇡
抪,抪󠇡
抰,抰󠇡
抷,抷󠇡
抹,抹󠇡
抻,抻󠇡
抾,抾󠇡
担,担󠇡
拓,拓󠇡
拗,"拗󠇡,拗󠇢,拗󠇣"
拜,拜󠇡
拞,"拞󠇡,拞󠇢"
拟,拟󠇡
括,括󠇡
拵,拵󠇡
拶,拶󠇡
拾,拾󠇡
挊,"挊󠇡,挊󠇢,挊󠇣"
挍,"挍󠇡,挍󠇢"
挎,挎󠇡
挏,挏󠇡
挑,挑󠇡
挛,挛󠇡
挟,"挟󠇡,挟󠇢"
挡,挡󠇡
挣,挣󠇡
挩,挩󠇡
挱,"挱󠇡,挱󠇢"
挳,挳󠇡
挵,"挵󠇡,挵󠇢,挵󠇣"
挷,挷󠇡
挼,"挼󠇡,挼󠇢"
捀,捀󠇡
捄,捄󠇡
捋,"捋󠇡,捋󠇢"
捎,捎󠇡
捑,捑󠇡
捔,捔󠇡
捖,捖󠇡
捘,捘󠇡
捝,捝󠇡
捥,捥󠇡
捬,捬󠇡
捭,捭󠇡
据,据󠇡
捼,捼󠇡
捾,捾󠇡
捿,捿󠇡
掃,掃󠇡
掄,掄󠇡
掊,掊󠇡
掍,掍󠇡
排,排󠇡
掕,掕󠇡
掖,掖󠇡
掗,掗󠇡
掙,掙󠇡
掜,掜󠇡
掞,掞󠇡
掲,"掲󠇡,掲󠇢"
掺,"掺󠇡,掺󠇢,掺󠇣"
提,提󠇡
揘,揘󠇡
揙,揙󠇡
揤,揤󠇡
揭,揭󠇡
揯,揯󠇡
揵,揵󠇡
搇,搇󠇡
搑,"搑󠇡,搑󠇢,搑󠇣"
搒,搒󠇡
搙,"搙󠇡,搙󠇢"
搚,搚󠇡
搨,搨󠇡
搫,搫󠇡
搱,搱󠇡
搳,搳󠇡
搶,搶󠇡
搹,搹󠇡
携,携󠇡
搻,"搻󠇡,搻󠇢"
摋,摋󠇡
摌,摌󠇡
摍,摍󠇡
摕,摕󠇡
摖,摖󠇡
摗,摗󠇡
摞,摞󠇡
摟,"摟󠇡,摟󠇢"
摡,摡󠇡
摢,摢󠇡
摤,"摤󠇡,摤󠇢"
摪,摪󠇡
摱,摱󠇡
摻,"摻󠇡,摻󠇢"
摼,摼󠇡
摽,"摽󠇡,摽󠇢"
摾,"摾󠇡,摾󠇢"
摿,摿󠇡
撅,撅󠇡
撆,撆󠇡
撇,撇󠇡
撈,撈󠇡
撌,撌󠇡
撍,"撍󠇡,撍󠇢"
撒,撒󠇡
撕,撕󠇡
撗,撗󠇡
撜,撜󠇡
撟,撟󠇡
撡,"撡󠇡,撡󠇢,撡󠇣,撡󠇤"
撣,撣󠇡
撨,"撨󠇡,撨󠇢"
撹,撹󠇡
擁,擁󠇡
擋,擋󠇡
擏,擏󠇡
擔,擔󠇡
擕,擕󠇡
擖,擖󠇡
擪,擪󠇡
擮,擮󠇡
擰,擰󠇡
擸,擸󠇡
擿,擿󠇡
攂,攂󠇡
攃,攃󠇡
攅,攅󠇡
攈,攈󠇡
攋,"攋󠇡,攋󠇢,攋󠇣"
攝,攝󠇡
攞,攞󠇡
攟,攟󠇡
攢,攢󠇡
攨,攨󠇡
攩,攩󠇡
攭,攭󠇡
攳,攳󠇡
攵,攵󠇡
攺,攺󠇡
攽,攽󠇡
放,放󠇡
敆,敆󠇡
敌,敌󠇡
敎,敎󠇡
敐,敐󠇡
教,教󠇡
散,散󠇡
敦,敦󠇡
敧,敧󠇡
敨,敨󠇡
敯,敯󠇡
数,"数󠇡,数󠇢,数󠇣,数󠇤"
敱,敱󠇡
敶,敶󠇡
數,"數󠇡,數󠇢,數󠇣,數󠇤"
敿,敿󠇡
斁,斁󠇡
斄,斄󠇡
斅,斅󠇡
文,文󠇡
斈,斈󠇡
斉,"斉󠇡,斉󠇢,斉󠇣"
斊,"斊󠇡,斊󠇢,斊󠇣"
斍,"斍󠇡,斍󠇢"
斜,斜󠇡
斢,斢󠇡
斪,斪󠇡
於,於󠇡
施,"施󠇡,施󠇢"
旄,旄󠇡
旉,旉󠇡
旋,旋󠇡
旘,旘󠇡
旜,旜󠇡
日,日󠇡
旰,旰󠇡
昁,昁󠇡
昅,昅󠇡
昆,昆󠇡
星,星󠇡
昢,昢󠇡
昤,昤󠇡
昮,昮󠇡
昲,昲󠇡
昳,昳󠇡
晃,晃󠇡
晄,晄󠇡
晇,晇󠇡
晈,晈󠇡
晊,晊󠇡
晟,晟󠇡
晠,晠󠇡
晥,"晥󠇡,晥󠇢"
晸,晸󠇡
晻,"晻󠇡,晻󠇢"
暅,暅󠇡
暈,暈󠇡
暏,暏󠇡
暖,暖󠇡
暤,暤󠇡
暩,暩󠇡
暬,暬󠇡
暭,暭󠇡
暴,暴󠇡
曅,曅󠇡
曋,曋󠇡
曍,曍󠇡
曑,"曑󠇡,曑󠇢,曑󠇣"
曓,曓󠇡
曗,曗󠇡
曜,曜󠇡
曡,曡󠇡
曲,曲󠇡
更,更󠇡
曵,曵󠇡
曾,曾󠇡
會,"會󠇡,會󠇢,會󠇣,會󠇤,會󠇥"
朇,朇󠇡
有,有󠇡
朊,朊󠇡
朒,朒󠇡
朓,朓󠇡
朝,朝󠇡
朞,"朞󠇡,朞󠇢"
期,期󠇡
朡,朡󠇡
朴,"朴󠇡,朴󠇢"
朵,朵󠇡
朷,"朷󠇡,朷󠇢"
机,机󠇡
杈,杈󠇡
杋,杋󠇡
杓,杓󠇡
杕,杕󠇡
条,条󠇡
来,来󠇡
杫,"杫󠇡,杫󠇢"
杬,杬󠇡
杷,杷󠇡
杺,杺󠇡
杻,杻󠇡
枃,枃󠇡
枓,枓󠇡
枕,枕󠇡
枙,枙󠇡
枢,枢󠇡
枳,枳󠇡
枸,"枸󠇡,枸󠇢"
柁,柁󠇡
柈,柈󠇡
柉,"柉󠇡,柉󠇢"
柎,柎󠇡
某,某󠇡
柕,柕󠇡
柜,柜󠇡
柞,柞󠇡
柣,柣󠇡
查,查󠇡
柫,柫󠇡
柭,柭󠇡
柷,柷󠇡
査,査󠇡
柼,柼󠇡
柾,柾󠇡
栅,栅󠇡
栕,"栕󠇡,栕󠇢"
栖,栖󠇡
栟,栟󠇡
校,校󠇡
栢,栢󠇡
栨,栨󠇡
栯,栯󠇡
栰,栰󠇡
桁,"桁󠇡,桁󠇢"
桄,桄󠇡
桔,桔󠇡
桬,桬󠇡
桭,桭󠇡
桯,桯󠇡
梜,梜󠇡
梡,梡󠇡
梤,梤󠇡
梫,梫󠇡
梬,梬󠇡
梹,梹󠇡
棅,棅󠇡
棊,棊󠇡
棑,棑󠇡
棓,棓󠇡
棞,棞󠇡
棤,棤󠇡
棲,棲󠇡
棹,棹󠇡
椉,椉󠇡
椊,椊󠇡
椎,椎󠇡
椑,椑󠇡
椮,"椮󠇡,椮󠇢"
椯,椯󠇡
椹,椹󠇡
楁,楁󠇡
楂,楂󠇡
楄,楄󠇡
楅,楅󠇡
楏,楏󠇡
楖,楖󠇡
楗,楗󠇡
楙,楙󠇡
楛,楛󠇡
楞,楞󠇡
楪,楪󠇡
楬,楬󠇡
楽,"楽󠇡,楽󠇢,楽󠇣"
榃,榃󠇡
榗,榗󠇡
榙,榙󠇡
榜,榜󠇡
榝,榝󠇡
榦,榦󠇡
榽,榽󠇡
槍,槍󠇡
様,様󠇡
槣,槣󠇡
槩,槩󠇡
槪,槪󠇡
槮,槮󠇡
槶,"槶󠇡,槶󠇢"
槷,槷󠇡
樀,樀󠇡
樂,"樂󠇡,樂󠇢"
樅,樅󠇡
樘,樘󠇡
樢,樢󠇡
樤,樤󠇡
樧,樧󠇡
横,横󠇡
樷,樷󠇡
樿,樿󠇡
橁,橁󠇡
橃,橃󠇡
橅,橅󠇡
橊,橊󠇡
橎,橎󠇡
橔,橔󠇡
橦,"橦󠇡,橦󠇢"
橨,橨󠇡
橫,橫󠇡
橭,橭󠇡
橶,橶󠇡
橾,"橾󠇡,橾󠇢"
檆,檆󠇡
檏,檏󠇡
檐,檐󠇡
檡,"檡󠇡,檡󠇢"
檱,檱󠇡
檷,檷󠇡
檻,檻󠇡
櫀,櫀󠇡
櫂,櫂󠇡
櫄,櫄󠇡
櫎,"櫎󠇡,櫎󠇢"
櫑,櫑󠇡
櫒,櫒󠇡
櫕,"櫕󠇡,櫕󠇢"
櫟,櫟󠇡
櫡,櫡󠇡
櫭,櫭󠇡
櫾,櫾󠇡
欉,欉󠇡
欘,欘󠇡
欚,欚󠇡
欦,"欦󠇡,欦󠇢"
欬,欬󠇡
欳,欳󠇡
欴,欴󠇡
欶,欶󠇡
欸,欸󠇡
欹,欹󠇡
欻,"欻󠇡,欻󠇢"
歂,歂󠇡
歕,歕󠇡
歘,"歘󠇡,歘󠇢,歘󠇣,歘󠇤"
歙,歙󠇡
歝,歝󠇡
歞,歞󠇡
正,正󠇡
歪,歪󠇡
歭,歭󠇡
歺,歺󠇡
殌,殌󠇡
殟,殟󠇡
殠,殠󠇡
殡,殡󠇡
殣,殣󠇡
殨,殨󠇡
殷,"殷󠇡,殷󠇢"
殸,"殸󠇡,殸󠇢"
殺,殺󠇡
殻,"殻󠇡,殻󠇢"
毃,毃󠇡
毌,毌󠇡
比,比󠇡
毡,毡󠇡
毹,毹󠇡
毺,毺󠇡
氂,氂󠇡
氊,氊󠇡
氏,氏󠇡
氓,氓󠇡
氕,氕󠇡
氝,氝󠇡
氬,氬󠇡
氵,氵󠇡
氶,氶󠇡
氷,氷󠇡
氼,氼󠇡
汃,汃󠇡
汆,汆󠇡
汗,汗󠇡
汚,"汚󠇡,汚󠇢,汚󠇣,汚󠇤"
汦,汦󠇡
汩,汩󠇡
汫,"汫󠇡,汫󠇢"
汵,"汵󠇡,汵󠇢"
沑,沑󠇡
沒,沒󠇡
没,没󠇡
沬,沬󠇡
沮,"沮󠇡,沮󠇢"
沯,沯󠇡
沱,沱󠇡
沵,沵󠇡
治,治󠇡
泃,泃󠇡
泄,泄󠇡
泌,泌󠇡
泍,泍󠇡
泎,泎󠇡
法,法󠇡
泞,泞󠇡
泡,泡󠇡
泥,泥󠇡
洂,洂󠇡
洒,"洒󠇡,洒󠇢,洒󠇣"
洗,洗󠇡
洙,洙󠇡
洞,洞󠇡
洦,洦󠇡
洩,洩󠇡
洮,洮󠇡
洳,洳󠇡
洹,洹󠇡
洼,洼󠇡
浀,浀󠇡
浅,浅󠇡
浟,浟󠇡
浧,浧󠇡
浲,"浲󠇡,浲󠇢"
浻,浻󠇡
涆,涆󠇡
涍,涍󠇡
涒,"涒󠇡,涒󠇢"
涛,涛󠇡
涱,涱󠇡
涷,涷󠇡
涼,涼󠇡
淁,淁󠇡
淊,淊󠇡
淛,淛󠇡
淜,淜󠇡
淠,淠󠇡
淡,淡󠇡
淢,淢󠇡
淰,淰󠇡
淲,淲󠇡
混,"混󠇡,混󠇢"
淺,淺󠇡
淾,淾󠇡
淿,淿󠇡
渂,渂󠇡
渇,"渇󠇡,渇󠇢"
済,済󠇡
渦,渦󠇡
渫,渫󠇡
渮,渮󠇡
渴,渴󠇡
渷,渷󠇡
渾,渾󠇡
湁,湁󠇡
湐,湐󠇡
湛,"湛󠇡,湛󠇢"
湡,湡󠇡
湫,湫󠇡
湬,湬󠇡
湯,湯󠇡
溗,溗󠇡
溜,溜󠇡
溦,溦󠇡
溹,溹󠇡
滆,滆󠇡
滍,滍󠇡
滎,滎󠇡
滑,滑󠇡
滝,滝󠇡
滨,滨󠇡
滰,滰󠇡
滽,滽󠇡
漀,漀󠇡
漂,"漂󠇡,漂󠇢"
漚,漚󠇡
漧,漧󠇡
漨,"漨󠇡,漨󠇢"
漯,漯󠇡
漲,漲󠇡
漴,"漴󠇡,漴󠇢"
漺,漺󠇡
漿,漿󠇡
潃,潃󠇡
潄,潄󠇡
潎,潎󠇡
潒,潒󠇡
潙,"潙󠇡,潙󠇢"
潜,潜󠇡
潠,潠󠇡
潦,"潦󠇡,潦󠇢"
潧,潧󠇡
潨,潨󠇡
潪,潪󠇡
潬,潬󠇡
澄,澄󠇡
澅,澅󠇡
澋,澋󠇡
澎,澎󠇡
澑,澑󠇡
澖,澖󠇡
澠,澠󠇡
澣,澣󠇡
澩,澩󠇡
澵,澵󠇡
澷,澷󠇡
澹,澹󠇡
濅,濅󠇡
濆,濆󠇡
濊,"濊󠇡,濊󠇢"
濕,"濕󠇡,濕󠇢"
濚,濚󠇡
濟,濟󠇡
濢,濢󠇡
濭,濭󠇡
濳,濳󠇡
濴,濴󠇡
濵,濵󠇡
濺,濺󠇡
濻,濻󠇡
濼,"濼󠇡,濼󠇢"
瀁,瀁󠇡
瀐,瀐󠇡
瀑,瀑󠇡
瀓,瀓󠇡
瀢,"瀢󠇡,瀢󠇢"
瀥,瀥󠇡
瀧,瀧󠇡
瀴,"瀴󠇡,瀴󠇢"
瀹,瀹󠇡
瀼,瀼󠇡
瀾,瀾󠇡
灂,灂󠇡
灇,灇󠇡
灋,"灋󠇡,灋󠇢,灋󠇣"
灓,灓󠇡
灗,灗󠇡
灥,"灥󠇡,灥󠇢"
灦,灦󠇡
灲,"灲󠇡,灲󠇢"
灺,灺󠇡
炅,炅󠇡
炌,炌󠇡
炔,"炔󠇡,炔󠇢"
炖,炖󠇡
炛,"炛󠇡,炛󠇢,炛󠇣"
炧,"炧󠇡,炧󠇢,炧󠇣"
炨,"炨󠇡,炨󠇢,炨󠇣"
炪,炪󠇡
炮,"炮󠇡,炮󠇢"
炲,炲󠇡
炵,"炵󠇡,炵󠇢"
炸,炸󠇡
為,為󠇡
炾,炾󠇡
烇,烇󠇡
烙,烙󠇡
烛,烛󠇡
烠,烠󠇡
烲,烲󠇡
烴,烴󠇡
烻,烻󠇡
焅,焅󠇡
焆,焆󠇡
焈,焈󠇡
焍,焍󠇡
焏,焏󠇡
無,無󠇡
焥,焥󠇡
焫,焫󠇡
煊,煊󠇡
煔,煔󠇡
煗,煗󠇡
煞,煞󠇡
煟,煟󠇡
煠,煠󠇡
煣,煣󠇡
煴,煴󠇡
煿,煿󠇡
熅,熅󠇡
熇,"熇󠇡,熇󠇢"
熈,熈󠇡
熉,熉󠇡
熋,熋󠇡
熑,熑󠇡
熜,熜󠇡
熣,熣󠇡
熨,熨󠇡
熫,熫󠇡
熭,熭󠇡
熮,熮󠇡
熵,熵󠇡
燀,燀󠇡
燅,燅󠇡
燉,燉󠇡
燌,燌󠇡
燓,燓󠇡
燕,燕󠇡
燚,燚󠇡
燜,燜󠇡
燥,燥󠇡
燫,燫󠇡
燺,"燺󠇡,燺󠇢"
燾,燾󠇡
爀,"爀󠇡,爀󠇢"
爁,爁󠇡
爄,爄󠇡
爇,爇󠇡
爈,爈󠇡
爋,爋󠇡
爒,爒󠇡
爕,爕󠇡
爗,爗󠇡
爙,爙󠇡
爚,爚󠇡
爞,爞󠇡
爠,爠󠇡
爡,爡󠇡
爪,爪󠇡
爫,爫󠇡
爲,爲󠇡
父,"父󠇡,父󠇢"
爸,爸󠇡
爹,爹󠇡
爺,爺󠇡
爿,爿󠇡
牅,牅󠇡
牑,牑󠇡
牞,牞󠇡
牟,牟󠇡
牰,牰󠇡
犇,犇󠇡
犍,犍󠇡
犞,"犞󠇡,犞󠇢"
犩,犩󠇡
犴,犴󠇡
犿,犿󠇡
狅,"狅󠇡,狅󠇢"
狊,狊󠇡
狌,狌󠇡
狑,狑󠇡
狔,狔󠇡
狘,狘󠇡
狢,"狢󠇡,狢󠇢,狢󠇣,狢󠇤"
狤,狤󠇡
狥,狥󠇡
狪,狪󠇡
猈,猈󠇡
猕,猕󠇡
猗,"猗󠇡,猗󠇢"
猩,猩󠇡
猭,猭󠇡
猲,猲󠇡
猵,猵󠇡
猼,猼󠇡
獆,獆󠇡
獋,獋󠇡
獌,獌󠇡
獔,獔󠇡
獖,獖󠇡
獛,獛󠇡
獞,獞󠇡
獥,"獥󠇡,獥󠇢"
獳,"獳󠇡,獳󠇢"
玆,玆󠇡
率,率󠇡
玊,玊󠇡
王,王󠇡
玐,玐󠇡
玒,玒󠇡
玜,玜󠇡
玢,玢󠇡
玧,玧󠇡
玭,"玭󠇡,玭󠇢"
玺,玺󠇡
珏,珏󠇡
珐,珐󠇡
珢,珢󠇡
珶,珶󠇡
琄,琄󠇡
琘,琘󠇡
琠,琠󠇡
瑉,瑉󠇡
瑌,瑌󠇡
瑒,瑒󠇡
瑳,瑳󠇡
瑴,瑴󠇡
璖,璖󠇡
璚,璚󠇡
璝,璝󠇡
璯,璯󠇡
璷,璷󠇡
璹,璹󠇡
瓋,瓋󠇡
瓌,瓌󠇡
瓗,瓗󠇡
瓟,瓟󠇡
瓦,瓦󠇡
瓨,"瓨󠇡,瓨󠇢"
瓹,瓹󠇡
瓽,瓽󠇡
甀,甀󠇡
甐,甐󠇡
甔,甔󠇡
甚,甚󠇡
甝,甝󠇡
甮,甮󠇡
甯,甯󠇡
町,町󠇡
甾,甾󠇡
畂,畂󠇡
畆,畆󠇡
畊,畊󠇡
畗,畗󠇡
畜,畜󠇡
畞,畞󠇡
畡,畡󠇡
畨,"畨󠇡,畨󠇢"
番,番󠇡
畬,畬󠇡
畭,畭󠇡
畮,畮󠇡
畲,畲󠇡
當,當󠇡
疈,疈󠇡
疉,疉󠇡
疌,疌󠇡
疎,"疎󠇡,疎󠇢"
疘,疘󠇡
痑,"痑󠇡,痑󠇢"
痒,痒󠇡
痭,痭󠇡
痺,痺󠇡
瘂,"瘂󠇡,瘂󠇢"
瘈,"瘈󠇡,瘈󠇢"
瘌,瘌󠇡
瘑,瘑󠇡
瘥,瘥󠇡
瘩,瘩󠇡
瘶,瘶󠇡
瘻,瘻󠇡
瘽,瘽󠇡
癄,癄󠇡
癉,癉󠇡
癐,癐󠇡
癑,癑󠇡
癛,癛󠇡
癟,癟󠇡
癵,癵󠇡
癹,癹󠇡
百,百󠇡
的,"的󠇡,的󠇢"
皅,皅󠇡
皍,皍󠇡
皐,皐󠇡
皛,"皛󠇡,皛󠇢"
皡,皡󠇡
皥,皥󠇡
盇,盇󠇡
盋,盋󠇡
盓,盓󠇡
盖,"盖󠇡,盖󠇢"
盛,盛󠇡
監,監󠇡
盫,盫󠇡
盯,盯󠇡
盰,盰󠇡
盷,盷󠇡
相,相󠇡
省,省󠇡
看,看󠇡
眗,眗󠇡
眙,眙󠇡
眯,眯󠇡
眳,眳󠇡
眽,眽󠇡
眿,眿󠇡
着,"着󠇡,着󠇢,着󠇣,着󠇤"
睔,睔󠇡
睖,睖󠇡
睘,睘󠇡
睚,睚󠇡
睪,睪󠇡
睱,睱󠇡
睻,睻󠇡
瞀,瞀󠇡
瞃,瞃󠇡
瞉,瞉󠇡
瞑,瞑󠇡
瞜,瞜󠇡
瞡,瞡󠇡
瞨,瞨󠇡
瞭,瞭󠇡
瞶,瞶󠇡
瞿,瞿󠇡
矁,矁󠇡
矇,矇󠇡
矊,矊󠇡
矌,矌󠇡
矎,矎󠇡
矕,矕󠇡
矝,矝󠇡
矠,矠󠇡
矱,矱󠇡
石,石󠇡
矵,矵󠇡
矼,矼󠇡
砇,砇󠇡
砊,砊󠇡
砌,砌󠇡
砏,砏󠇡
砕,砕󠇡
砟,砟󠇡
砢,砢󠇡
砫,砫󠇡
砳,砳󠇡
硄,硄󠇡
硈,硈󠇡
硊,硊󠇡
硌,硌󠇡
硍,"硍󠇡,硍󠇢"
硏,硏󠇡
硑,硑󠇡
硧,硧󠇡
硪,硪󠇡
硽,硽󠇡
碁,碁󠇡
碂,碂󠇡
碆,碆󠇡
碈,碈󠇡
碊,"碊󠇡,碊󠇢"
碖,碖󠇡
碪,碪󠇡
碿,碿󠇡
磅,磅󠇡
磆,磆󠇡
磍,磍󠇡
磎,磎󠇡
磑,磑󠇡
磒,"磒󠇡,磒󠇢"
磓,磓󠇡
磜,磜󠇡
磢,磢󠇡
磤,磤󠇡
磨,磨󠇡
磻,磻󠇡
礉,礉󠇡
礊,礊󠇡
礍,礍󠇡
礔,礔󠇡
礛,礛󠇡
礟,"礟󠇡,礟󠇢"
礧,礧󠇡
礮,"礮󠇡,礮󠇢"
祇,祇󠇡
祋,祋󠇡
祌,祌󠇡
祕,祕󠇡
祢,祢󠇡
祩,祩󠇡
祬,祬󠇡
祭,祭󠇡
祳,祳󠇡
祴,祴󠇡
祾,祾󠇡
禀,"禀󠇡,禀󠇢,禀󠇣"
禁,禁󠇡
禪,禪󠇡
禰,禰󠇡
禶,禶󠇡
禺,"禺󠇡,禺󠇢"
离,离󠇡
秎,秎󠇡
秔,秔󠇡
秘,秘󠇡
秤,秤󠇡
秮,秮󠇡
称,"称󠇡,称󠇢"
秸,秸󠇡
稉,稉󠇡
稫,稫󠇡
稭,稭󠇡
種,種󠇡
稱,稱󠇡
稴,"稴󠇡,稴󠇢"
稵,稵󠇡
稽,稽󠇡
穪,"穪󠇡,穪󠇢"
穳,穳󠇡
穵,穵󠇡
空,空󠇡
窌,窌󠇡
窐,窐󠇡
窢,"窢󠇡,窢󠇢"
窨,窨󠇡
窶,窶󠇡
窼,窼󠇡
竒,竒󠇡
竘,竘󠇡
竜,竜󠇡
竢,竢󠇡
竩,竩󠇡
竷,竷󠇡
竾,"竾󠇡,竾󠇢"
笅,笅󠇡
笜,笜󠇡
笟,笟󠇡
笧,笧󠇡
笮,笮󠇡
筂,"筂󠇡,筂󠇢"
答,答󠇡
筣,筣󠇡
筫,筫󠇡
筴,筴󠇡
箁,"箁󠇡,箁󠇢,箁󠇣"
箄,箄󠇡
箎,箎󠇡
箐,箐󠇡
箑,箑󠇡
箞,箞󠇡
箤,箤󠇡
箲,箲󠇡
箷,箷󠇡
篣,篣󠇡
篬,篬󠇡
篭,篭󠇡
篸,"篸󠇡,篸󠇢"
篹,"篹󠇡,篹󠇢"
篿,篿󠇡
簉,簉󠇡
簛,簛󠇡
簢,簢󠇡
簥,簥󠇡
簬,簬󠇡
簴,簴󠇡
簸,簸󠇡
簻,簻󠇡
簼,簼󠇡
籔,籔󠇡
籗,籗󠇡
籧,籧󠇡
籭,籭󠇡
籹,"籹󠇡,籹󠇢"
籺,籺󠇡
粆,粆󠇡
粌,粌󠇡
粘,粘󠇡
粥,"粥󠇡,粥󠇢"
糃,糃󠇡
糅,糅󠇡
糉,糉󠇡
糑,糑󠇡
糡,糡󠇡
糦,糦󠇡
糷,糷󠇡
糺,糺󠇡
糽,糽󠇡
紅,紅󠇡
紑,紑󠇡
紒,紒󠇡
紝,紝󠇡
紥,紥󠇡
紬,紬󠇡
累,累󠇡
紶,紶󠇡
紾,紾󠇡
絍,絍󠇡
結,"結󠇡,結󠇢,結󠇣"
絚,絚󠇡
絟,絟󠇡
絡,絡󠇡
給,給󠇡
絭,絭󠇡
絯,絯󠇡
綅,綅󠇡
綇,綇󠇡
綕,綕󠇡
綘,綘󠇡
綝,綝󠇡
綮,綮󠇡
綳,"綳󠇡,綳󠇢"
綸,綸󠇡
緀,緀󠇡
緁,"緁󠇡,緁󠇢"
緂,緂󠇡
緑,緑󠇡
緤,緤󠇡
緫,緫󠇡
緰,緰󠇡
緳,緳󠇡
緶,緶󠇡
緷,緷󠇡
緺,"緺󠇡,緺󠇢"
緼,緼󠇡
緽,緽󠇡
縁,縁󠇡
縒,縒󠇡
縖,縖󠇡
縘,縘󠇡
縙,"縙󠇡,縙󠇢"
縡,縡󠇡
縦,"縦󠇡,縦󠇢"
縧,縧󠇡
縫,縫󠇡
縯,縯󠇡
縱,縱󠇡
縸,縸󠇡
繁,繁󠇡
繂,繂󠇡
繃,"繃󠇡,繃󠇢"
繆,"繆󠇡,繆󠇢"
繌,繌󠇡
繏,繏󠇡
繓,繓󠇡
繜,繜󠇡
繦,繦󠇡
繨,繨󠇡
繫,繫󠇡
繮,繮󠇡
繯,繯󠇡
繰,繰󠇡
繳,繳󠇡
繵,繵󠇡
繷,繷󠇡
繺,繺󠇡
繻,繻󠇡
纅,纅󠇡
纎,纎󠇡
纗,纗󠇡
纛,纛󠇡
纝,纝󠇡
缷,缷󠇡
缻,缻󠇡
罊,罊󠇡
罘,罘󠇡
罢,"罢󠇡,罢󠇢"
罤,罤󠇡
罧,"罧󠇡,罧󠇢"
罫,罫󠇡
署,署󠇡
罷,"罷󠇡,罷󠇢"
罿,罿󠇡
羋,羋󠇡
羍,羍󠇡
羛,羛󠇡
羥,"羥󠇡,羥󠇢"
羧,羧󠇡
羫,羫󠇡
羬,羬󠇡
羮,羮󠇡
羰,羰󠇡
羾,羾󠇡
翇,翇󠇡
翍,翍󠇡
翏,翏󠇡
翖,翖󠇡
翛,翛󠇡
翟,翟󠇡
翢,翢󠇡
翵,翵󠇡
翹,翹󠇡
翿,翿󠇡
耊,"耊󠇡,耊󠇢"
耏,耏󠇡
耑,耑󠇡
耡,耡󠇡
耤,耤󠇡
耩,耩󠇡
耫,耫󠇡
耯,耯󠇡
耴,耴󠇡
耵,耵󠇡
耶,耶󠇡
耺,耺󠇡
耼,耼󠇡
聉,"聉󠇡,聉󠇢"
聏,"聏󠇡,聏󠇢"
聘,聘󠇡
聧,聧󠇡
聴,聴󠇡
聻,聻󠇡
聼,聼󠇡
聽,聽󠇡
肎,肎󠇡
肒,肒󠇡
肔,肔󠇡
肚,肚󠇡
肣,肣󠇡
肤,肤󠇡
肧,肧󠇡
肵,肵󠇡
肷,肷󠇡
胇,胇󠇡
背,背󠇡
胓,胓󠇡
胕,胕󠇡
胖,胖󠇡
胗,胗󠇡
胜,胜󠇡
胢,胢󠇡
胲,胲󠇡
胶,胶󠇡
胻,胻󠇡
胿,"胿󠇡,胿󠇢"
脇,脇󠇡
脈,脈󠇡
脉,脉󠇡
脔,脔󠇡
脕,脕󠇡
脘,脘󠇡
脚,脚󠇡
脟,"脟󠇡,脟󠇢"
脥,脥󠇡
脧,脧󠇡
脯,脯󠇡
脱,脱󠇡
腃,"腃󠇡,腃󠇢"
腄,腄󠇡
腊,腊󠇡
腌,"腌󠇡,腌󠇢"
腏,"腏󠇡,腏󠇢"
腝,"腝󠇡,腝󠇢,腝󠇣,腝󠇤"
腞,腞󠇡
腧,腧󠇡
腪,腪󠇡
腽,腽󠇡
膀,"膀󠇡,膀󠇢,膀󠇣"
膁,"膁󠇡,膁󠇢"
膏,膏󠇡
膡,膡󠇡
膦,膦󠇡
膭,膭󠇡
膴,膴󠇡
膸,膸󠇡
膹,膹󠇡
膻,膻󠇡
膼,膼󠇡
臈,臈󠇡
臊,臊󠇡
臎,臎󠇡
臑,"臑󠇡,臑󠇢"
臒,臒󠇡
臢,臢󠇡
臦,臦󠇡
臩,臩󠇡
臭,臭󠇡
臯,臯󠇡
臰,臰󠇡
臷,臷󠇡
臽,臽󠇡
舃,舃󠇡
舅,舅󠇡
與,"與󠇡,與󠇢"
興,興󠇡
舍,舍󠇡
舎,舎󠇡
舑,舑󠇡
般,"般󠇡,般󠇢"
舼,舼󠇡
艀,艀󠇡
艁,艁󠇡
艌,艌󠇡
艮,艮󠇡
色,色󠇡
艵,艵󠇡
艽,艽󠇡
艾,艾󠇡
艿,艿󠇡
芎,"芎󠇡,芎󠇢"
芓,芓󠇡
芘,"芘󠇡,芘󠇢"
芞,芞󠇡
芧,芧󠇡
芪,芪󠇡
芴,芴󠇡
芾,芾󠇡
苁,"苁󠇡,苁󠇢,苁󠇣"
苔,苔󠇡
苤,苤󠇡
若,若󠇡
苨,苨󠇡
苲,苲󠇡
茄,茄󠇡
茇,茇󠇡
茈,"茈󠇡,茈󠇢"
茎,茎󠇡
茠,茠󠇡
茥,茥󠇡
茬,茬󠇡
茮,茮󠇡
茲,茲󠇡
荖,荖󠇡
荷,荷󠇡
荺,荺󠇡
荼,荼󠇡
莆,莆󠇡
莋,莋󠇡
莌,莌󠇡
莎,莎󠇡
莏,莏󠇡
莘,莘󠇡
莚,莚󠇡
莞,"莞󠇡,莞󠇢"
莣,莣󠇡
莥,莥󠇡
莨,莨󠇡
获,获󠇡
菀,"菀󠇡,菀󠇢"
菍,菍󠇡
菏,菏󠇡
菟,菟󠇡
華,"華󠇡,華󠇢"
菲,菲󠇡
菳,菳󠇡
萁,萁󠇡
萄,萄󠇡
萆,萆󠇡
萕,萕󠇡
萖,"萖󠇡,萖󠇢,萖󠇣"
萭,萭󠇡
萮,"萮󠇡,萮󠇢"
萯,萯󠇡
萳,萳󠇡
萷,"萷󠇡,萷󠇢"
萹,萹󠇡
落,"落󠇡,落󠇢"
萿,萿󠇡
葃,葃󠇡
葉,葉󠇡
著,"著󠇡,著󠇢,著󠇣,著󠇤"
葛,葛󠇡
葝,葝󠇡
葢,"葢󠇡,葢󠇢"
葥,葥󠇡
葷,葷󠇡
葻,葻󠇡
蒓,蒓󠇡
蒚,蒚󠇡
蒣,蒣󠇡
蒧,蒧󠇡
蒫,蒫󠇡
蒯,蒯󠇡
蒵,蒵󠇡
蓃,蓃󠇡
蓋,蓋󠇡
蓒,蓒󠇡
蓚,蓚󠇡
蓤,蓤󠇡
蓨,蓨󠇡
蓲,蓲󠇡
蓶,蓶󠇡
蓼,蓼󠇡
蔃,蔃󠇡
蔆,蔆󠇡
蔒,蔒󠇡
蔓,蔓󠇡
蔔,蔔󠇡
蔘,蔘󠇡
蔚,蔚󠇡
蔞,蔞󠇡
蔢,蔢󠇡
蔪,"蔪󠇡,蔪󠇢"
蔫,蔫󠇡
蔮,"蔮󠇡,蔮󠇢"
蔳,蔳󠇡
蔵,蔵󠇡
蕃,"蕃󠇡,蕃󠇢"
蕏,蕏󠇡
蕐,"蕐󠇡,蕐󠇢"
蕝,蕝󠇡
蕫,蕫󠇡
蕰,蕰󠇡
薁,薁󠇡
薄,薄󠇡
薉,薉󠇡
薋,薋󠇡
薍,薍󠇡
薚,薚󠇡
薟,薟󠇡
薢,薢󠇡
薥,薥󠇡
薬,薬󠇡
薲,薲󠇡
薶,薶󠇡
薸,薸󠇡
薺,薺󠇡
藉,藉󠇡
藋,藋󠇡
藏,藏󠇡
藖,藖󠇡
藘,藘󠇡
藦,藦󠇡
藨,藨󠇡
藬,藬󠇡
藲,藲󠇡
藴,藴󠇡
藷,藷󠇡
蘁,蘁󠇡
蘋,蘋󠇡
蘝,蘝󠇡
蘞,蘞󠇡
蘤,蘤󠇡
蘫,蘫󠇡
蘲,蘲󠇡
蘳,蘳󠇡
蘴,蘴󠇡
虎,虎󠇡
處,處󠇡
號,號󠇡
虨,虨󠇡
虪,虪󠇡
虫,虫󠇡
虬,"虬󠇡,虬󠇢"
虵,虵󠇡
虷,虷󠇡
虺,虺󠇡
虽,虽󠇡
蚄,蚄󠇡
蚆,蚆󠇡
蚋,蚋󠇡
蚔,蚔󠇡
蚕,蚕󠇡
蚙,蚙󠇡
蚝,蚝󠇡
蚦,蚦󠇡
蚵,蚵󠇡
蚸,蚸󠇡
蚼,蚼󠇡
蛅,蛅󠇡
蛆,蛆󠇡
蛇,蛇󠇡
蛊,蛊󠇡
蛤,蛤󠇡
蛦,蛦󠇡
蛸,蛸󠇡
蛿,蛿󠇡
蜄,蜄󠇡
蜍,蜍󠇡
蜎,蜎󠇡
蜕,蜕󠇡
蜚,蜚󠇡
蜠,"蜠󠇡,蜠󠇢"
蜡,"蜡󠇡,蜡󠇢"
蜪,蜪󠇡
蜬,蜬󠇡
蜯,蜯󠇡
蜲,蜲󠇡
蜼,蜼󠇡
蝀,蝀󠇡
蝃,蝃󠇡
蝆,蝆󠇡
蝍,蝍󠇡
蝎,蝎󠇡
蝤,蝤󠇡
蝦,蝦󠇡
蝭,蝭󠇡
蝳,蝳󠇡
蝷,蝷󠇡
蝹,蝹󠇡
蝻,蝻󠇡
蝽,蝽󠇡
螁,螁󠇡
螔,螔󠇡
螙,"螙󠇡,螙󠇢"
螝,螝󠇡
螞,螞󠇡
螣,螣󠇡
螹,螹󠇡
蟂,蟂󠇡
蟆,蟆󠇡
蟇,"蟇󠇡,蟇󠇢"
蟉,蟉󠇡
蟞,蟞󠇡
蟤,蟤󠇡
蟦,蟦󠇡
蟷,蟷󠇡
蟸,蟸󠇡
蟺,蟺󠇡
蠀,蠀󠇡
蠁,蠁󠇡
蠈,蠈󠇡
蠏,蠏󠇡
蠓,蠓󠇡
蠖,蠖󠇡
蠙,蠙󠇡
蠚,蠚󠇡
蠝,蠝󠇡
蠡,蠡󠇡
蠤,蠤󠇡
蠧,"蠧󠇡,蠧󠇢"
蠫,蠫󠇡
蠰,蠰󠇡
蠸,蠸󠇡
蠿,"蠿󠇡,蠿󠇢"
衂,衂󠇡
衃,衃󠇡
衇,衇󠇡
行,"行󠇡,行󠇢,行󠇣"
衕,衕󠇡
衙,衙󠇡
衝,衝󠇡
衣,衣󠇡
衩,衩󠇡
衰,衰󠇡
衳,衳󠇡
衵,衵󠇡
衸,衸󠇡
衹,衹󠇡
衺,"衺󠇡,衺󠇢,衺󠇣,衺󠇤"
衾,衾󠇡
袉,袉󠇡
袓,"袓󠇡,袓󠇢"
袚,袚󠇡
袜,袜󠇡
袢,袢󠇡
袤,袤󠇡
袳,"袳󠇡,袳󠇢"
袷,袷󠇡
袿,袿󠇡
裠,裠󠇡
裡,裡󠇡
裦,裦󠇡
裨,裨󠇡
裩,裩󠇡
裭,裭󠇡
裯,裯󠇡
裳,裳󠇡
裵,裵󠇡
裼,裼󠇡
裿,裿󠇡
褀,褀󠇡
褃,褃󠇡
褆,褆󠇡
褉,褉󠇡
褊,褊󠇡
褎,褎󠇡
褕,褕󠇡
褨,褨󠇡
褮,褮󠇡
褶,"褶󠇡,褶󠇢,褶󠇣"
褹,褹󠇡
襈,襈󠇡
襉,襉󠇡
襊,襊󠇡
襎,襎󠇡
襑,襑󠇡
襗,襗󠇡
襡,襡󠇡
襬,襬󠇡
西,西󠇡
要,要󠇡
覃,覃󠇡
覐,"覐󠇡,覐󠇢"
覕,覕󠇡
覚,"覚󠇡,覚󠇢"
覥,覥󠇡
親,親󠇡
覮,覮󠇡
覰,覰󠇡
観,観󠇡
覺,覺󠇡
覻,覻󠇡
觀,觀󠇡
角,"角󠇡,角󠇢"
觜,觜󠇡
觢,觢󠇡
解,"解󠇡,解󠇢"
觧,"觧󠇡,觧󠇢"
觨,觨󠇡
觮,觮󠇡
觳,觳󠇡
觹,"觹󠇡,觹󠇢"
觻,觻󠇡
觽,"觽󠇡,觽󠇢"
訄,訄󠇡
訍,"訍󠇡,訍󠇢"
訢,訢󠇡
訫,訫󠇡
訬,訬󠇡
訮,"訮󠇡,訮󠇢"
詇,詇󠇡
詉,"詉󠇡,詉󠇢"
詍,詍󠇡
詑,"詑󠇡,詑󠇢"
詘,詘󠇡
詥,詥󠇡
詴,詴󠇡
詷,詷󠇡
詸,"詸󠇡,詸󠇢"
詺,詺󠇡
詽,"詽󠇡,詽󠇢"
誀,誀󠇡
誂,誂󠇡
誏,誏󠇡
誒,誒󠇡
語,語󠇡
說,說󠇡
説,"説󠇡,説󠇢"
誳,"誳󠇡,誳󠇢,誳󠇣"
誸,誸󠇡
誺,誺󠇡
誽,誽󠇡
調,調󠇡
諅,諅󠇡
諈,"諈󠇡,諈󠇢"
請,請󠇡
諎,諎󠇡
諐,諐󠇡
論,論󠇡
諞,諞󠇡
諣,諣󠇡
諻,諻󠇡
諼,諼󠇡
謈,"謈󠇡,謈󠇢"
謉,"謉󠇡,謉󠇢,謉󠇣"
謕,謕󠇡
謜,謜󠇡
謝,謝󠇡
謞,謞󠇡
謣,謣󠇡
謯,謯󠇡
謲,"謲󠇡,謲󠇢,謲󠇣"
謷,謷󠇡
謺,謺󠇡
謾,謾󠇡
謿,謿󠇡
譍,譍󠇡
識,識󠇡
譙,譙󠇡
譤,"譤󠇡,譤󠇢"
譧,譧󠇡
譪,譪󠇡
譮,"譮󠇡,譮󠇢"
譺,"譺󠇡,譺󠇢"
譼,譼󠇡
讀,讀󠇡
讁,讁󠇡
讗,讗󠇡
谷,谷󠇡
谺,"谺󠇡,谺󠇢"
豀,豀󠇡
豁,豁󠇡
豄,"豄󠇡,豄󠇢"
豍,豍󠇡
豣,豣󠇡
豥,豥󠇡
豦,豦󠇡
豴,豴󠇡
豻,豻󠇡
豼,"豼󠇡,豼󠇢"
貀,貀󠇡
貃,貃󠇡
貈,"貈󠇡,貈󠇢,貈󠇣,貈󠇤"
貉,貉󠇡
貋,貋󠇡
貏,貏󠇡
貗,貗󠇡
貟,"貟󠇡,貟󠇢"
貦,貦󠇡
貭,貭󠇡
貵,貵󠇡
貹,貹󠇡
賁,賁󠇡
賈,賈󠇡
賏,賏󠇡
賔,賔󠇡
賩,賩󠇡
質,質󠇡
贀,贀󠇡
贋,贋󠇡
贒,贒󠇡
赶,赶󠇡
赿,赿󠇡
趄,趄󠇡
趋,趋󠇡
趌,趌󠇡
趍,趍󠇡
趎,趎󠇡
趒,"趒󠇡,趒󠇢"
趞,趞󠇡
趠,趠󠇡
趭,趭󠇡
趯,趯󠇡
足,足󠇡
趵,趵󠇡
趷,趷󠇡
趻,趻󠇡
趼,趼󠇡
趿,趿󠇡
跁,跁󠇡
跂,跂󠇡
跇,跇󠇡
跐,"跐󠇡,跐󠇢"
跑,跑󠇡
跔,"跔󠇡,跔󠇢"
跕,跕󠇡
跖,跖󠇡
跙,跙󠇡
跛,跛󠇡
跰,跰󠇡
踆,踆󠇡
踇,踇󠇡
踈,"踈󠇡,踈󠇢"
踉,踉󠇡
踋,踋󠇡
踍,踍󠇡
踒,踒󠇡
踖,踖󠇡
踙,踙󠇡
踦,"踦󠇡,踦󠇢"
踧,踧󠇡
踲,踲󠇡
踳,踳󠇡
踶,踶󠇡
踻,踻󠇡
踼,踼󠇡
踾,踾󠇡
蹌,蹌󠇡
蹑,蹑󠇡
蹔,蹔󠇡
蹡,蹡󠇡
蹢,蹢󠇡
蹨,蹨󠇡
蹮,蹮󠇡
蹷,蹷󠇡
蹸,蹸󠇡
蹻,"蹻󠇡,蹻󠇢"
躂,躂󠇡
躒,躒󠇡
躓,躓󠇡
躤,躤󠇡
身,身󠇡
車,車󠇡
軋,軋󠇡
軙,軙󠇡
軠,軠󠇡
軡,軡󠇡
軦,軦󠇡
軮,軮󠇡
軲,軲󠇡
軵,軵󠇡
軷,軷󠇡
軿,軿󠇡
輁,輁󠇡
載,載󠇡
輋,輋󠇡
輏,輏󠇡
輑,輑󠇡
輨,輨󠇡
輾,輾󠇡
轁,轁󠇡
轂,轂󠇡
轉,轉󠇡
轍,轍󠇡
轑,轑󠇡
轘,轘󠇡
轞,轞󠇡
辟,辟󠇡
达,"达󠇡,达󠇢"
过,"过󠇡,过󠇢"
迉,迉󠇡
迋,迋󠇡
迏,"迏󠇡,迏󠇢"
运,运󠇡
迕,迕󠇡
迖,迖󠇡
还,"还󠇡,还󠇢"
这,这󠇡
迧,迧󠇡
迮,迮󠇡
迱,迱󠇡
迵,迵󠇡
追,追󠇡
适,适󠇡
逄,逄󠇡
逎,逎󠇡
逘,逘󠇡
逢,逢󠇡
逬,"逬󠇡,逬󠇢"
逮,逮󠇡
逷,逷󠇡
逽,逽󠇡
遃,遃󠇡
遅,遅󠇡
遌,遌󠇡
過,過󠇡
達,"達󠇡,達󠇢,達󠇣"
遟,遟󠇡
遠,遠󠇡
遡,遡󠇡
遢,遢󠇡
適,適󠇡
遫,遫󠇡
遲,遲󠇡
遺,遺󠇡
遻,遻󠇡
還,還󠇡
邆,邆󠇡
邋,"邋󠇡,邋󠇢"
邓,邓󠇡
那,"那󠇡,那󠇢,那󠇣"
邪,邪󠇡
郃,郃󠇡
郄,郄󠇡
郇,郇󠇡
郋,郋󠇡
郍,郍󠇡
郖,郖󠇡
郩,郩󠇡
郷,郷󠇡
都,都󠇡
鄃,鄃󠇡
鄇,鄇󠇡
鄊,鄊󠇡
鄑,鄑󠇡
鄓,鄓󠇡
鄕,鄕󠇡
鄗,鄗󠇡
鄘,鄘󠇡
鄥,鄥󠇡
鄳,"鄳󠇡,鄳󠇢"
鄵,鄵󠇡
鄺,鄺󠇡
酀,酀󠇡
酊,酊󠇡
酖,酖󠇡
酢,酢󠇡
酨,酨󠇡
酺,酺󠇡
酻,酻󠇡
醈,醈󠇡
醔,醔󠇡
醖,醖󠇡
醭,醭󠇡
重,重󠇡
量,量󠇡
釐,釐󠇡
釓,釓󠇡
釕,釕󠇡
釘,釘󠇡
釠,釠󠇡
釤,釤󠇡
釫,釫󠇡
釶,釶󠇡
鈀,"鈀󠇡,鈀󠇢"
鈃,鈃󠇡
鈈,鈈󠇡
鈒,鈒󠇡
鈓,鈓󠇡
鈚,鈚󠇡
鈧,鈧󠇡
鈭,鈭󠇡
鈶,"鈶󠇡,鈶󠇢,鈶󠇣"
鈷,鈷󠇡
鈹,鈹󠇡
鈿,鈿󠇡
鉃,鉃󠇡
鉆,鉆󠇡
鉇,"鉇󠇡,鉇󠇢"
鉈,鉈󠇡
鉛,鉛󠇡
鉟,鉟󠇡
鉢,鉢󠇡
鉩,鉩󠇡
鉪,鉪󠇡
鉵,鉵󠇡
鉹,鉹󠇡
鉺,鉺󠇡
鉿,鉿󠇡
銄,銄󠇡
銐,銐󠇡
銒,"銒󠇡,銒󠇢"
銕,銕󠇡
銗,銗󠇡
銚,"銚󠇡,銚󠇢"
銭,銭󠇡
銻,"銻󠇡,銻󠇢"
銼,銼󠇡
銽,"銽󠇡,銽󠇢"
鋋,鋋󠇡
鋌,鋌󠇡
鋎,鋎󠇡
鋑,鋑󠇡
鋛,鋛󠇡
鋟,鋟󠇡
鋦,鋦󠇡
鋪,鋪󠇡
鋺,"鋺󠇡,鋺󠇢"
鋻,鋻󠇡
鋼,鋼󠇡
錈,錈󠇡
錊,錊󠇡
錑,錑󠇡
錖,錖󠇡
錞,錞󠇡
錟,錟󠇡
錢,錢󠇡
錤,錤󠇡
鍉,"鍉󠇡,鍉󠇢"
鍐,鍐󠇡
鍑,鍑󠇡
鍕,鍕󠇡
鍙,鍙󠇡
鍜,鍜󠇡
鍡,鍡󠇡
鍦,鍦󠇡
鍫,鍫󠇡
鍳,鍳󠇡
鎄,鎄󠇡
鎎,鎎󠇡
鎐,鎐󠇡
鎗,鎗󠇡
鎘,鎘󠇡
鎝,鎝󠇡
鎞,"鎞󠇡,鎞󠇢"
鎣,鎣󠇡
鎬,鎬󠇡
鏂,鏂󠇡
鏅,鏅󠇡
鏊,鏊󠇡
鏏,鏏󠇡
鏑,鏑󠇡
鏒,鏒󠇡
鏔,鏔󠇡
鏙,鏙󠇡
鏞,鏞󠇡
鏩,"鏩󠇡,鏩󠇢"
鏳,鏳󠇡
鏹,鏹󠇡
鏼,鏼󠇡
鏾,鏾󠇡
鐀,鐀󠇡
鐉,鐉󠇡
鐒,鐒󠇡
鐙,鐙󠇡
鐚,鐚󠇡
鐜,"鐜󠇡,鐜󠇢,鐜󠇣"
鐟,鐟󠇡
鐺,鐺󠇡
鑃,"鑃󠇡,鑃󠇢"
鑈,鑈󠇡
鑋,鑋󠇡
鑎,鑎󠇡
鑐,鑐󠇡
鑖,鑖󠇡
鑚,"鑚󠇡,鑚󠇢"
鑛,鑛󠇡
鑜,鑜󠇡
鑴,鑴󠇡
鑹,鑹󠇡
鑽,鑽󠇡
長,"長󠇡,長󠇢"
镸,"镸󠇡,镸󠇢"
镽,镽󠇡
閍,閍󠇡
間,間󠇡
閜,"閜󠇡,閜󠇢"
閤,閤󠇡
閬,"閬󠇡,閬󠇢"
閰,閰󠇡
閷,閷󠇡
閺,閺󠇡
閼,"閼󠇡,閼󠇢"
闀,闀󠇡
闁,闁󠇡
闂,闂󠇡
闇,闇󠇡
闍,闍󠇡
闕,闕󠇡
闝,闝󠇡
闞,"闞󠇡,闞󠇢"
闟,闟󠇡
阠,阠󠇡
阤,"阤󠇡,阤󠇢"
阥,"阥󠇡,阥󠇢"
阧,阧󠇡
阨,阨󠇡
阴,"阴󠇡,阴󠇢"
阸,阸󠇡
阽,阽󠇡
阿,阿󠇡
陂,陂󠇡
降,降󠇡
陏,陏󠇡
陒,陒󠇡
陠,"陠󠇡,陠󠇢"
陫,陫󠇡
陭,"陭󠇡,陭󠇢"
陶,陶󠇡
陸,陸󠇡
陻,陻󠇡
隁,隁󠇡
隂,"隂󠇡,隂󠇢"
隃,隃󠇡
隌,"隌󠇡,隌󠇢"
隑,"隑󠇡,隑󠇢"
隖,隖󠇡
隟,隟󠇡
隠,隠󠇡
隩,隩󠇡
隫,隫󠇡
隺,"隺󠇡,隺󠇢"
隽,隽󠇡
雃,雃󠇡
雅,雅󠇡
雋,雋󠇡
雘,雘󠇡
雚,雚󠇡
雟,"雟󠇡,雟󠇢"
難,"難󠇡,難󠇢"
雨,雨󠇡
雬,雬󠇡
雭,雭󠇡
雵,雵󠇡
雽,"雽󠇡,雽󠇢"
雿,雿󠇡
霐,霐󠇡
霒,霒󠇡
霗,霗󠇡
霫,霫󠇡
露,露󠇡
霸,霸󠇡
靃,靃󠇡
靑,靑󠇡
靤,靤󠇡
靦,靦󠇡
靶,靶󠇡
靸,靸󠇡
鞁,鞁󠇡
鞄,鞄󠇡
鞈,鞈󠇡
鞎,鞎󠇡
鞔,鞔󠇡
鞞,鞞󠇡
鞟,"鞟󠇡,鞟󠇢"
鞧,鞧󠇡
鞪,鞪󠇡
鞱,鞱󠇡
鞲,"鞲󠇡,鞲󠇢"
鞷,鞷󠇡
韀,韀󠇡
韄,韄󠇡
韕,韕󠇡
韖,韖󠇡
韢,"韢󠇡,韢󠇢"
韯,韯󠇡
韲,韲󠇡
韽,韽󠇡
頄,頄󠇡
頓,頓󠇡
頕,頕󠇡
頜,頜󠇡
頡,頡󠇡
頦,頦󠇡
頨,頨󠇡
頭,頭󠇡
頳,頳󠇡
頸,頸󠇡
顈,顈󠇡
顉,顉󠇡
顖,顖󠇡
顟,顟󠇡
顢,顢󠇡
顤,顤󠇡
顦,顦󠇡
顨,顨󠇡
顩,顩󠇡
顪,顪󠇡
顭,顭󠇡
顲,顲󠇡
風,風󠇡
颩,"颩󠇡,颩󠇢"
颮,颮󠇡
飍,飍󠇡
食,"食󠇡,食󠇢"
飡,飡󠇡
飲,飲󠇡
飳,飳󠇡
飵,飵󠇡
飸,飸󠇡
飻,飻󠇡
養,養󠇡
餔,餔󠇡
餤,餤󠇡
餥,餥󠇡
餳,餳󠇡
饀,饀󠇡
饉,饉󠇡
饎,饎󠇡
饚,饚󠇡
馘,馘󠇡
馮,馮󠇡
馯,馯󠇡
馱,馱󠇡
馲,馲󠇡
馸,馸󠇡
馻,馻󠇡
馾,馾󠇡
駃,駃󠇡
駄,駄󠇡
駇,駇󠇡
駔,"駔󠇡,駔󠇢"
駗,駗󠇡
駘,駘󠇡
駨,駨󠇡
駫,駫󠇡
駴,駴󠇡
駽,駽󠇡
騎,騎󠇡
騔,騔󠇡
騥,騥󠇡
騩,騩󠇡
騯,騯󠇡
騹,騹󠇡
驒,驒󠇡
驓,驓󠇡
驡,驡󠇡
驨,驨󠇡
骨,"骨󠇡,骨󠇢"
骯,骯󠇡
髈,"髈󠇡,髈󠇢,髈󠇣,髈󠇤"
髉,髉󠇡
髊,"髊󠇡,髊󠇢"
髝,髝󠇡
髟,髟󠇡
髩,髩󠇡
髳,髳󠇡
髺,髺󠇡
鬂,鬂󠇡
鬌,鬌󠇡
鬠,鬠󠇡
鬲,鬲󠇡
鬳,鬳󠇡
鬴,鬴󠇡
鬹,鬹󠇡
鬾,鬾󠇡
魀,魀󠇡
魄,魄󠇡
魆,魆󠇡
魐,魐󠇡
魙,魙󠇡
魝,魝󠇡
魟,魟󠇡
魡,魡󠇡
魣,魣󠇡
魭,魭󠇡
魮,魮󠇡
魺,魺󠇡
魿,魿󠇡
鮁,鮁󠇡
鮉,鮉󠇡
鮕,鮕󠇡
鮛,鮛󠇡
鮭,鮭󠇡
鮮,鮮󠇡
鮯,鮯󠇡
鮸,鮸󠇡
鯅,鯅󠇡
鯆,"鯆󠇡,鯆󠇢"
鰀,"鰀󠇡,鰀󠇢"
鰓,鰓󠇡
鰕,鰕󠇡
鰪,鰪󠇡
鱃,鱃󠇡
鱅,鱅󠇡
鱊,鱊󠇡
鱎,鱎󠇡
鱒,鱒󠇡
鱠,鱠󠇡
鱣,鱣󠇡
鱥,鱥󠇡
鱯,鱯󠇡
鱳,鱳󠇡
鱻,鱻󠇡
鳥,鳥󠇡
鳬,鳬󠇡
鳹,鳹󠇡
鳻,鳻󠇡
鴁,鴁󠇡
鴂,鴂󠇡
鴃,鴃󠇡
鴊,鴊󠇡
鴝,鴝󠇡
鴡,鴡󠇡
鴢,鴢󠇡
鴩,鴩󠇡
鴺,鴺󠇡
鵅,鵅󠇡
鵏,鵏󠇡
鵕,鵕󠇡
鵖,鵖󠇡
鵙,鵙󠇡
鵠,鵠󠇡
鵭,鵭󠇡
鵶,鵶󠇡
鵾,鵾󠇡
鶣,鶣󠇡
鶨,鶨󠇡
鶷,鶷󠇡
鶻,鶻󠇡
鷀,鷀󠇡
鷎,鷎󠇡
鷏,鷏󠇡
鷑,鷑󠇡
鷒,鷒󠇡
鷛,鷛󠇡
鷞,鷞󠇡
鷤,鷤󠇡
鷨,鷨󠇡
鷩,鷩󠇡
鸀,"鸀󠇡,鸀󠇢"
鸂,鸂󠇡
鸄,鸄󠇡
鸍,鸍󠇡
鸏,"鸏󠇡,鸏󠇢"
鸖,鸖󠇡
鸘,鸘󠇡
鹽,鹽󠇡
麃,麃󠇡
麅,麅󠇡
麇,麇󠇡
麉,麉󠇡
麏,麏󠇡
麗,麗󠇡
麡,麡󠇡
麦,麦󠇡
麧,麧󠇡
麮,麮󠇡
麯,"麯󠇡,麯󠇢"
麶,麶󠇡
麼,"麼󠇡,麼󠇢"
麽,"麽󠇡,麽󠇢,麽󠇣"
黊,黊󠇡
黋,黋󠇡
黒,"黒󠇡,黒󠇢"
黦,黦󠇡
黫,黫󠇡
黭,黭󠇡
黽,黽󠇡
鼀,鼀󠇡
鼨,鼨󠇡
鼰,鼰󠇡
鼸,鼸󠇡
鼼,鼼󠇡
齃,"齃󠇡,齃󠇢"
齊,"齊󠇡,齊󠇢"
齐,"齐󠇡,齐󠇢,齐󠇣"
齙,齙󠇡
齚,"齚󠇡,齚󠇢"
齛,齛󠇡
齩,齩󠇡
齴,齴󠇡
齵,齵󠇡
龓,龓󠇡
龜,"龜󠇡,龜󠇢"
龡,龡󠇡
龣,龣󠇡
㐹,㐹󠇡
㑑,㑑󠇡
㑺,㑺󠇡
㒯,㒯󠇡
㓾,㓾󠇡
㔊,㔊󠇡
㕡,㕡󠇡
㕤,㕤󠇡
㕬,㕬󠇡
㕰,㕰󠇡
㕲,㕲󠇡
㖠,"㖠󠇡,㖠󠇢,㖠󠇣"
㖸,"㖸󠇡,㖸󠇢"
㘈,㘈󠇡
㘥,㘥󠇡
㙉,㙉󠇡
㙳,㙳󠇡
㜮,㜮󠇡
㝀,㝀󠇡
㝃,㝃󠇡
㠶,㠶󠇡
㡓,㡓󠇡
㡣,㡣󠇡
㡧,㡧󠇡
㣔,㣔󠇡
㥍,"㥍󠇡,㥍󠇢"
㥼,㥼󠇡
㦉,㦉󠇡
㦛,㦛󠇡
㦤,㦤󠇡
㦸,㦸󠇡
㧍,㧍󠇡
㧙,㧙󠇡
㧳,㧳󠇡
㨁,㨁󠇡
㨄,㨄󠇡
㨊,㨊󠇡
㩋,㩋󠇡
㩗,㩗󠇡
㩦,㩦󠇡
㫲,㫲󠇡
㭱,㭱󠇡
㯳,㯳󠇡
㰰,"㰰󠇡,㰰󠇢"
㱄,㱄󠇡
㱔,㱔󠇡
㳫,㳫󠇡
㵪,㵪󠇡
㵵,㵵󠇡
㷉,㷉󠇡
㷷,㷷󠇡
㷼,㷼󠇡
㸸,"㸸󠇡,㸸󠇢"
㻗,"㻗󠇡,㻗󠇢"
㻞,㻞󠇡
㻡,㻡󠇡
㼇,㼇󠇡
㽹,㽹󠇡
㾀,㾀󠇡
㾏,㾏󠇡
㿜,㿜󠇡
㿭,㿭󠇡
䃘,"䃘󠇡,䃘󠇢"
䃺,䃺󠇡
䄻,"䄻󠇡,䄻󠇢"
䇦,䇦󠇡
䉠,䉠󠇡
䋎,䋎󠇡
䌫,䌫󠇡
䎱,䎱󠇡
䐶,"䐶󠇡,䐶󠇢"
䑲,䑲󠇡
䑺,䑺󠇡
䔖,䔖󠇡
䔛,䔛󠇡
䔶,䔶󠇡
䕑,䕑󠇡
䕕,"䕕󠇡,䕕󠇢"
䕸,䕸󠇡
䖦,䖦󠇡
䙡,䙡󠇡
䛏,䛏󠇡
䠀,䠀󠇡
䤵,䤵󠇡
䦧,"䦧󠇡,䦧󠇢,䦧󠇣"
䧟,䧟󠇡
䪴,"䪴󠇡,䪴󠇢"
䭾,䭾󠇡
䮐,䮐󠇡
䮓,䮓󠇡
䰰,䰰󠇡
䶧,䶧󠇡
